driverId,code,givenName,familyName,nationality
abate,,Carlo,Abate,Italian
abecassis,,George,Abecassis,British
acheson,,Kenny,Acheson,British
adams,,Philippe,Adams,Belgian
ader,,Walt,Ader,American
adolff,,Kurt,Adolff,German
agabashian,,Fred,Agabashian,American
ahrens,,Kurt,Ahrens,German
aitken,AIT,Jack,Aitken,British
albers,ALB,Christijan,Albers,Dutch
albon,ALB,Alexander,Albon,Thai
alboreto,,Michele,Alboreto,Italian
alesi,,Jean,Alesi,French
alguersuari,ALG,Jaime,Alguersuari,Spanish
alliot,,Philippe,Alliot,French
allison,,Cliff,Allison,British
alonso,ALO,Fernando,Alonso,Spanish
amati,,Giovanna,Amati,Italian
george_amick,,George,Amick,American
amick,,Red,Amick,American
amon,,Chris,Amon,New Zealander
anderson,,Bob,Anderson,British
andersson,,Conny,Andersson,Swedish
mario_andretti,,Mario,Andretti,American
andretti,,Michael,Andretti,American
andrews,,Keith,Andrews,American
antonelli,ANT,Andrea Kimi,Antonelli,Italian
apicella,,Marco,Apicella,Italian
armi,,Frank,Armi,American
arnold,,Chuck,Arnold,American
arnoux,,René,Arnoux,French
paul_aron,,Paul,Aron,
arundell,,Peter,Arundell,British
ascari,,Alberto,Ascari,Italian
ashdown,,Peter,Ashdown,British
ashley,,Ian,Ashley,British
ashmore,,Gerry,Ashmore,British
aston,,Bill,Aston,British
attwood,,Richard,Attwood,British
ayulo,,Manny,Ayulo,American
badoer,BAD,Luca,Badoer,Italian
baghetti,,Giancarlo,Baghetti,Italian
bailey,,Julian,Bailey,British
baldi,,Mauro,Baldi,Italian
ball,,Bobby,Ball,American
balsa,,Marcel,Balsa,French
bandini,,Lorenzo,Bandini,Italian
banks,,Henry,Banks,American
barbazza,,Fabrizio,Barbazza,Italian
john_barber,,John,Barber,British
barber,,Skip,Barber,American
barilla,,Paolo,Barilla,Italian
barrichello,BAR,Rubens,Barrichello,Brazilian
bartels,,Michael,Bartels,German
barth,,Edgar,Barth,German
bassi,,Giorgio,Bassi,Italian
bauer,,Erwin,Bauer,German
baumgartner,,Zsolt,Baumgartner,Hungarian
bayol,,Élie,Bayol,French
bearman,BEA,Oliver,Bearman,British
beauman,,Don,Beauman,British
bechem,,Günther,Bechem,German
dino_beganovic,,Dino,Beganovic,
behra,,Jean,Behra,French
bell,,Derek,Bell,British
bellof,,Stefan,Bellof,German
belmondo,,Paul,Belmondo,French
belso,,Tom,Belsø,Danish
beltoise,,Jean-Pierre,Beltoise,French
beretta,,Olivier,Beretta,Monegasque
berg,,Allen,Berg,Canadian
georges_berger,,Georges,Berger,Belgian
berger,,Gerhard,Berger,Austrian
bernard,,Éric,Bernard,French
bernoldi,,Enrique,Bernoldi,Brazilian
bertaggia,,Enrico,Bertaggia,Italian
bettenhausen,,Tony,Bettenhausen,American
beuttler,,Mike,Beuttler,British
bianchi,,Lucien,Bianchi,Belgian
jules_bianchi,BIA,Jules,Bianchi,French
bianco,,Gino,Bianco,Brazilian
binder,,Hans,Binder,Austrian
biondetti,,Clemente,Biondetti,Italian
bira,,Prince,Bira,Thai
birger,,Pablo,Birger,Argentine
bisch,,Art,Bisch,American
blanchard,,Harry,Blanchard,American
bleekemolen,,Michael,Bleekemolen,Dutch
blignaut,,Alex,Blignaut,South African
blokdyk,,Trevor,Blokdyk,South African
blundell,,Mark,Blundell,British
boesel,,Raul,Boesel,Brazilian
boffa,,Menato,Boffa,Italian
bondurant,,Bob,Bondurant,American
bonetto,,Felice,Bonetto,Italian
bonnier,,Jo,Bonnier,Swedish
bonomi,,Roberto,Bonomi,Argentine
bordeu,,Juan Manuel,Bordeu,Argentine
borgudd,,Slim,Borgudd,Swedish
bortoleto,BOR,Gabriel,Bortoleto,Brazilian
botha,,Luki,Botha,South African
bottas,BOT,Valtteri,Bottas,Finnish
boullion,,Jean-Christophe,Boullion,French
bourdais,BOU,Sébastien,Bourdais,French
boutsen,,Thierry,Boutsen,Belgian
boyd,,Johnny,Boyd,American
jack_brabham,,Jack,Brabham,Australian
gary_brabham,,Gary,Brabham,Australian
brabham,,David,Brabham,Australian
brack,,Bill,Brack,Canadian
ernesto_brambilla,,Ernesto,Brambilla,Italian
brambilla,,Vittorio,Brambilla,Italian
branca,,Toni,Branca,Swiss
brancatelli,,Gianfranco,Brancatelli,Italian
brandon,,Eric,Brandon,British
branson,,Don,Branson,American
bridger,,Tom,Bridger,British
brise,,Tony,Brise,British
bristow,,Chris,Bristow,British
broeker,,Peter,Broeker,Canadian
brooks,,Tony,Brooks,British
walt_brown,,Walt,Brown,American
alan_brown,,Alan,Brown,British
brown,,Warwick,Brown,Australian
luke_browning,,Luke,Browning,
brudes,,Adolf,Brudes,German
brundle,,Martin,Brundle,British
bruni,,Gianmaria,Bruni,Italian
bryan,,Jimmy,Bryan,American
bucci,,Clemar,Bucci,Argentine
bucknum,,Ronnie,Bucknum,American
bueb,,Ivor,Bueb,British
buemi,BUE,Sébastien,Buemi,Swiss
bueno,,Luiz,Bueno,Brazilian
burgess,,Ian,Burgess,British
burti,,Luciano,Burti,Brazilian
bussinello,,Roberto,Bussinello,Italian
button,BUT,Jenson,Button,British
byrne,,Tommy,Byrne,Irish
cabantous,,Yves,Cabantous,French
cabianca,,Giulio,Cabianca,Italian
cabral,,Mário de Araújo,Cabral,Portuguese
cade,,Phil,Cade,American
caffi,,Alex,Caffi,Italian
campbell-jones,,John,Campbell-Jones,British
campos,,Adrián,Campos,Spanish
Cannoc,,John,Cannon,Canadian
cantoni,,Eitel,Cantoni,Uruguayan
cantrell,,Bill,Cantrell,American
capelli,,Ivan,Capelli,Italian
carini,,Piero,Carini,Italian
darter,,Duane,Carter,American
castellotti,,Eugenio,Castellotti,Italian
cecotto,,Johnny,Cecotto,Venezuelan
cevert,,François,Cevert,French
chaboud,,Eugène,Chaboud,French
chamberlain,,Jay,Chamberlain,American
chandhok,CHA,Karun,Chandhok,Indian
chapman,,Colin,Chapman,British
charlton,,Dave,Charlton,South African
chaves,,Pedro,Chaves,Portuguese
cheesbourg,,Bill,Cheesbourg,American
cheever,,Eddie,Cheever,American
chiesa,,Andrea,Chiesa,Swiss
chilton,CHI,Max,Chilton,British
chimeri,,Ettore,Chimeri,Venezuelan
chiron,,Louis,Chiron,Monegasque
chitwood,,Joie,Chitwood,American
christie,,Bob,Christie,American
claes,,Johnny,Claes,Belgian
clapham,,David,Clapham,South African
clark,,Jim,Clark,British
cogan,,Kevin,Cogan,American
colapinto,COL,Franco,Colapinto,Argentine
collins,,Peter,Collins,British
collomb,,Bernard,Collomb,French
colombo,,Alberto,Colombo,Italian
comas,,Érik,Comas,French
comotti,,Franco,Comotti,Italian
george_connor,,George,Connor,American
constantine,,George,Constantine,American
cordts,,John,Cordts,Canadian
coulthard,COU,David,Coulthard,British
courage,,Piers,Courage,British
craft,,Chris,Craft,British
ray_crawford,,Ray,Crawford,American
crawford,,Jim,Crawford,British
jak_crawford,,Jak,Crawford,
crespo,,Alberto,Crespo,Argentine
creus,,Antonio,Creus,Spanish
crockett,,Larry,Crockett,American
crook,,Tony,Crook,British
cross,,Art,Cross,American
crossley,,Geoff,Crossley,British
cruz,,Adolfo,Cruz,Argentine
daigh,,Chuck,Daigh,American
dalmas,,Yannick,Dalmas,French
daly,,Derek,Daly,Irish
danner,,Christian,Danner,German
daponte,,Jorge,Daponte,Argentine
davidson,DAV,Anthony,Davidson,British
davies,,Jimmy,Davies,American
davis,,Colin,Davis,British
daywalt,,Jimmy,Daywalt,American
depailler,,Patrick,Depailler,French
diniz,,Pedro,Diniz,Brazilian
dinsmore,,Duke,Dinsmore,American
dochnal,,Frank,Dochnal,American
dolhem,,José,Dolhem,French
donnelly,,Martin,Donnelly,British
donohue,,Mark,Donohue,American
doohan,DOO,Jack,Doohan,Australian
doornbos,DOO,Robert,Doornbos,Dutch
downing,,Ken,Downing,British
drake,,Bob,Drake,American
driver,,Paddy,Driver,South African
drogo,,Piero,Drogo,Italian
felipe_drugovich,,Felipe,Drugovich,
duke,,Geoff,Duke,British
dumfries,,Johnny,Dumfries,British
duncan,,Len,Duncan,American
alexander_dunne,,Alexander,Dunne,
dusio,,Piero,Dusio,Italian
deletraz,,Jean-Denis,Délétraz,Swiss
eaton,,George,Eaton,Canadian
ecclestone,,Bernie,Ecclestone,British
edmunds,,Don,Edmunds,American
edwards,,Guy,Edwards,British
elford,,Vic,Elford,British
elisian,,Ed,Elisian,American
emery,,Paul,Emery,British
enge,,Tomáš,Enge,Czech
england,,Paul,England,Australian
ericsson,ERI,Marcus,Ericsson,Swedish
ertl,,Harald,Ertl,Austrian
estefano,,Nasif,Estéfano,Argentine
evans,,Bob,Evans,British
fabi,,Teo,Fabi,Italian
corrado_fabi,,Corrado,Fabi,Italian
fabre,,Pascal,Fabre,French
facetti,,Carlo,Facetti,Italian
fagioli,,Luigi,Fagioli,Italian
fairman,,Jack,Fairman,British
fangio,,Juan,Fangio,Argentine
farina,,Nino,Farina,Italian
faulkner,,Walt,Faulkner,American
firman,,Ralph,Firman,Irish
fischer,,Rudi,Fischer,Swiss
fisher,,Mike,Fisher,American
fisichella,FIS,Giancarlo,Fisichella,Italian
fitch,,John,Fitch,American
emerson_fittipaldi,,Emerson,Fittipaldi,Brazilian
wilson_fittipaldi,,Wilson,Fittipaldi,Brazilian
fittipaldi,,Christian,Fittipaldi,Brazilian
pietro_fittipaldi,FIT,Pietro,Fittipaldi,Brazilian
fitzau,,Theo,Fitzau,East German
flaherty,,Pat,Flaherty,American
flinterman,,Jan,Flinterman,Dutch
flockhart,,Ron,Flockhart,British
fohr,,Myron,Fohr,American
foitek,,Gregor,Foitek,Swiss
follmer,,George,Follmer,American
fonder,,George,Fonder,American
fontana,,Norberto,Fontana,Argentine
fontes,,Azdrubal,Fontes,Uruguayan
forberg,,Carl,Forberg,American
force,,Gene,Force,American
forini,,Franco,Forini,Swiss
parker,,Philip,Fotheringham-Parker,British
foyt,,Anthony,Foyt,American
gimax,,Carlo,Franchi,Italian
francia,,Giorgio,Francia,Italian
freeland,,Don,Freeland,American
frentzen,,Heinz-Harald,Frentzen,German
friesacher,FRI,Patrick,Friesacher,Austrian
fry,,Joe,Fry,British
frere,,Paul,Frère,Belgian
antonio_fuoco,,Antonio,Fuoco,
fushida,,Hiroshi,Fushida,Japanese
gabbiani,,Beppe,Gabbiani,Italian
gachot,,Bertrand,Gachot,Belgian
gaillard,,Patrick,Gaillard,French
galica,,Divina,Galica,British
galli,,Nanni,Galli,Italian
gamble,,Fred,Gamble,American
ganley,,Howden,Ganley,New Zealander
gardner,,Frank,Gardner,Australian
garrett,,Billy,Garrett,American
gartner,,Jo,Gartner,Austrian
gasly,GAS,Pierre,Gasly,French
gaze,,Tony,Gaze,Australian
gendebien,,Olivier,Gendebien,Belgian
gene,,Marc,Gené,Spanish
george,,Elmer,George,American
gerard,,Bob,Gerard,British
gerini,,Gerino,Gerini,Italian
gethin,,Peter,Gethin,British
ghinzani,,Piercarlo,Ghinzani,Italian
giacomelli,,Bruno,Giacomelli,Italian
gibson,,Dick,Gibson,British
ginther,,Richie,Ginther,American
giovinazzi,GIO,Antonio,Giovinazzi,Italian
giunti,,Ignazio,Giunti,Italian
glock,GLO,Timo,Glock,German
godia,,Paco,Godia,Spanish
goethals,,Christian,Goethals,Belgian
goldsmith,,Paul,Goldsmith,American
gonzalez,,José Froilán,González,Argentine
oscar_gonzalez,,Óscar,González,Uruguayan
gordini,,Aldo,Gordini,French
gould,,Horace,Gould,British
gounon,,Jean-Marc,Gounon,French
green,,Cecil,Green,American
greene,,Keith,Greene,British
gregory,,Masten,Gregory,American
griffith,,Cliff,Griffith,American
grignard,,Georges,Grignard,French
grim,,Bobby,Grim,American
grosjean,GRO,Romain,Grosjean,French
grouillard,,Olivier,Grouillard,French
gubby,,Brian,Gubby,British
guelfi,,André,Guelfi,French
guerra,,Miguel Ángel,Guerra,Argentine
guerrero,,Roberto,Guerrero,Colombian
gugelmin,,Maurício,Gugelmin,Brazilian
gurney,,Dan,Gurney,American
gutierrez,GUT,Esteban,Gutiérrez,Mexican
galvez,,Oscar,Gálvez,Argentine
hadjar,HAD,Isack,Hadjar,French
hahne,,Hubert,Hahne,German
hailwood,,Mike,Hailwood,British
halford,,Bruce,Halford,British
hall,,Jim,Hall,American
duncan_hamilton,,Duncan,Hamilton,British
hamilton,HAM,Lewis,Hamilton,British
hampshire,,David,Hampshire,British
hanks,,Sam,Hanks,American
hansgen,,Walt,Hansgen,American
harris,,Mike,Harris,South African
harrison,,Cuth,Harrison,British
hart,,Brian,Hart,British
hartley,,Gene,Hartley,American
brendon_hartley,HAR,Brendon,Hartley,New Zealander
haryanto,HAR,Rio,Haryanto,Indonesian
hasemi,,Masahiro,Hasemi,Japanese
hattori,,Naoki,Hattori,Japanese
hawkins,,Paul,Hawkins,Australian
hawthorn,,Mike,Hawthorn,British
heeks,,Willi,Heeks,German
heidfeld,HEI,Nick,Heidfeld,German
helfrich,,Theo,Helfrich,German
hellings,,Mack,Hellings,American
henton,,Brian,Henton,British
herbert,,Johnny,Herbert,British
herman,,Al,Herman,American
herrmann,,Hans,Herrmann,German
hesnault,,François,Hesnault,French
heyer,,Hans,Heyer,German
hill,,Graham,Hill,British
phil_hill,,Phil,Hill,American
damon_hill,,Damon,Hill,British
ryo_hirakawa,,Ryo,Hirakawa,
hirt,,Peter,Hirt,Swiss
hobbs,,David,Hobbs,British
hocking,,Gary,Hocking,Rhodesian
hoffmann,,Ingo,Hoffmann,Brazilian
holland,,Bill,Holland,American
holmes,,Jackie,Holmes,American
homeier,,Bill,Homeier,American
hoshino,,Kazuyoshi,Hoshino,Japanese
hoyt,,Jerry,Hoyt,American
hulme,,Denny,Hulme,New Zealander
hunt,,James,Hunt,British
hurtubise,,Jim,Hurtubise,American
hutchison,,Gus,Hutchison,American
hakkinen,,Mika,Häkkinen,Finnish
hulkenberg,HUL,Nico,Hülkenberg,German
ickx,,Jacky,Ickx,Belgian
ide,IDE,Yuji,Ide,Japanese
iglesias,,Jesús,Iglesias,Argentine
inoue,,Taki,Inoue,Japanese
ireland,,Innes,Ireland,British
irvine,,Eddie,Irvine,British
irwin,,Chris,Irwin,British
ayumu_iwasa,,Ayumu,Iwasa,
jabouille,,Jean-Pierre,Jabouille,French
jackson,,Jimmy,Jackson,American
james,,Joe,James,American
john_james,,John,James,British
jarier,,Jean-Pierre,Jarier,French
jean,,Max,Jean,French
johansson,,Stefan,Johansson,Swedish
leslie_johnson,,Leslie,Johnson,British
johnson,,Eddie,Johnson,American
johnstone,,Bruce,Johnstone,South African
tom_jones,,Tom,Jones,American
jones,,Alan,Jones,Australian
jover,,Juan,Jover,Spanish
lehto,,Jyrki,Järvilehto,Finnish
karch,,Oswald,Karch,German
karthikeyan,KAR,Narain,Karthikeyan,Indian
katayama,,Ukyo,Katayama,Japanese
kavanagh,,Ken,Kavanagh,Australian
keegan,,Rupert,Keegan,British
keizan,,Eddie,Keizan,South African
keller,,Al,Keller,American
kelly,,Joe,Kelly,Irish
kennedy,,Dave,Kennedy,Irish
kessel,,Loris,Kessel,Swiss
kessler,,Bruce,Kessler,American
kiesa,,Nicolas,Kiesa,Danish
kinnunen,,Leo,Kinnunen,Finnish
kladis,,Danny,Kladis,American
klenk,,Hans,Klenk,German
klien,KLI,Christian,Klien,Austrian
kling,,Karl,Kling,German
klodwig,,Ernst,Klodwig,East German
kobayashi,KOB,Kamui,Kobayashi,Japanese
koinigg,,Helmuth,Koinigg,Austrian
kovalainen,KOV,Heikki,Kovalainen,Finnish
kozarowitzky,,Mikko,Kozarowitzky,Finnish
krause,,Rudolf,Krause,East German
kubica,KUB,Robert,Kubica,Polish
kuhnke,,Kurt,Kuhnke,German
kvyat,KVY,Daniil,Kvyat,Russian
la_caze,,Robert,La Caze,French
laffite,,Jacques,Laffite,French
lagorce,,Franck,Lagorce,French
lammers,,Jan,Lammers,Dutch
lamy,,Pedro,Lamy,Portuguese
landi,,Chico,Landi,Brazilian
lang,,Hermann,Lang,German
langes,,Claudio,Langes,Italian
larini,,Nicola,Larini,Italian
larrauri,,Oscar,Larrauri,Argentine
larreta,,Alberto Rodriguez,Larreta,Argentine
larrousse,,Gérard,Larrousse,French
larson,,Jud,Larson,American
latifi,LAT,Nicholas,Latifi,Canadian
lauda,,Niki,Lauda,Austrian
laurent,,Roger,Laurent,Belgian
lavaggi,,Giovanni,Lavaggi,Italian
lawrence,,Chris,Lawrence,British
lawson,LAW,Liam,Lawson,New Zealander
leclerc,LEC,Charles,Leclerc,Monegasque
arthur_leclerc,,Arthur,Leclerc,
leclere,,Michel,Leclère,French
lederle,,Neville,Lederle,South African
lees,,Geoff,Lees,British
legat,,Arthur,Legat,Belgian
leoni,,Lamberto,Leoni,Italian
leston,,Les,Leston,British
levegh,,Pierre,Levegh,French
levrett,,Bayliss,Levrett,American
lewis,,Jackie,Lewis,British
lewis-evans,,Stuart,Lewis-Evans,British
ligier,,Guy,Ligier,French
arvid_lindblad,LIN,Arvid,Lindblad,British
linden,,Andy,Linden,American
lippi,,Roberto,Lippi,Italian
liuzzi,LIU,Vitantonio,Liuzzi,Italian
lombardi,,Lella,Lombardi,Italian
londono,,Ricardo,Londoño,Colombian
loof,,Ernst,Loof,German
lotterer,LOT,André,Lotterer,German
louveau,,Henri,Louveau,French
love,,John,Love,Rhodesian
lovely,,Pete,Lovely,American
loyer,,Roger,Loyer,French
lucas,,Jean,Lucas,French
lucienbonnet,,Jean,Lucienbonnet,French
lunger,,Brett,Lunger,American
hayje,,Boy,Lunger,Dutch
macdowel,,Mike,MacDowel,British
mackay-fraser,,Herbert,MacKay-Fraser,American
mackey,,Bill,Mackey,American
macklin,,Lance,Macklin,British
magee,,Damien,Magee,British
maggs,,Tony,Maggs,South African
magill,,Mike,Magill,American
maglioli,,Umberto,Maglioli,Italian
magnussen,MAG,Jan,Magnussen,Danish
kevin_magnussen,MAG,Kevin,Magnussen,Danish
guy_mairesse,,Guy,Mairesse,French
mairesse,,Willy,Mairesse,Belgian
maldonado,MAL,Pastor,Maldonado,Venezuelan
mansell,,Nigel,Mansell,British
mantovani,,Sergio,Mantovani,Italian
mantz,,Johnny,Mantz,American
manzon,,Robert,Manzon,French
marimon,,Onofre,Marimón,Argentine
marko,,Helmut,Marko,Austrian
marques,,Tarso,Marques,Brazilian
marr,,Leslie,Marr,British
marsh,,Tony,Marsh,British
martin,,Eugène,Martin,French
martini,,Pierluigi,Martini,Italian
victor_martins,,Victor,Martins,
mass,,Jochen,Mass,German
massa,MAS,Felipe,Massa,Brazilian
may,,Michael,May,Swiss
mayer,,Timmy,Mayer,American
mazepin,MAZ,Nikita,Mazepin,Russian
mazet,,François,Mazet,French
mazzacane,,Gastón,Mazzacane,Argentine
mcalpine,,Kenneth,McAlpine,British
mccarthy,,Perry,McCarthy,British
mccoy,,Ernie,McCoy,American
mcdowell,,Johnny,McDowell,American
mcgrath,,Jack,McGrath,American
mcguire,,Brian,McGuire,Australian
mclaren,,Bruce,McLaren,New Zealander
mcnish,,Allan,McNish,British
mcrae,,Graham,McRae,New Zealander
mcwithey,,Jim,McWithey,American
menditeguy,,Carlos,Menditeguy,Argentine
merhi,MER,Roberto,Merhi,Spanish
merzario,,Arturo,Merzario,Italian
mieres,,Roberto,Mieres,Argentine
migault,,François,Migault,French
ken_miles,,Ken,Miles,British
miles,,John,Miles,British
milhoux,,André,Milhoux,Belgian
miller,,Chet,Miller,American
mitter,,Gerhard,Mitter,German
modena,,Stefano,Modena,Italian
monarch,,Thomas,Monarch,American
montagny,FMO,Franck,Montagny,French
monteiro,TMO,Tiago,Monteiro,Portuguese
montermini,,Andrea,Montermini,Italian
monteverdi,,Peter,Monteverdi,Swiss
charrington,,Robin,Montgomerie-Charrington,British
morbidelli,,Gianni,Morbidelli,Italian
moreno,,Roberto,Moreno,Brazilian
morgan,,Dave,Morgan,British
moser,,Silvio,Moser,Swiss
moss,,Stirling,Moss,British
bill_moss,,Bill,Moss,British
munaron,,Gino,Munaron,Italian
murray,,David,Murray,British
musso,,Luigi,Musso,Italian
satoru_nakajima,,Satoru,Nakajima,Japanese
nakajima,NAK,Kazuki,Nakajima,Japanese
nakano,,Shinji,Nakano,Japanese
nalon,,Duke,Nalon,American
nannini,,Alessandro,Nannini,Italian
naspetti,,Emanuele,Naspetti,Italian
nasr,NAS,Felipe,Nasr,Brazilian
natili,,Massimo,Natili,Italian
naylor,,Brian,Naylor,British
nazaruk,,Mike,Nazaruk,American
needell,,Tiff,Needell,British
nelleman,,Jac,Nelleman,Danish
nicholson,,John,Nicholson,New Zealander
niday,,Cal,Niday,American
niedermayr,,Helmut,Niedermayr,German
niemann,,Brausch,Niemann,South African
nilsson,,Gunnar,Nilsson,Swedish
noda,,Hideki,Noda,Japanese
norris,NOR,Lando,Norris,British
nuckey,,Rodney,Nuckey,British
neve,,Patrick,Nève,Belgian
obrien,,Robert,O'Brien,American
connor,,Pat,O'Connor,American
patricio_o_ward,,Patricio,O'Ward,
ocon,OCO,Esteban,Ocon,French
oliver,,Jackie,Oliver,British
ongais,,Danny,Ongais,American
owen,,Arthur,Owen,British
montoya,MON,Juan,Pablo Montoya,Colombian
pace,,Carlos,Pace,Brazilian
pagani,,Nello,Pagani,Italian
paletti,,Riccardo,Paletti,Italian
palm,,Torsten,Palm,Swedish
palmer,,Jonathan,Palmer,British
jolyon_palmer,PAL,Jolyon,Palmer,British
panis,,Olivier,Panis,French
pantano,,Giorgio,Pantano,Italian
papis,,Massimiliano,Papis,Italian
parkes,,Mike,Parkes,British
reg_parnell,,Reg,Parnell,British
parnell,,Tim,Parnell,British
parsons,,Johnnie,Parsons,American
patrese,,Riccardo,Patrese,Italian
pease,,Al,Pease,Canadian
penske,,Roger,Penske,American
perdisa,,Cesare,Perdisa,Italian
perkins,,Larry,Perkins,Australian
pescarolo,,Henri,Pescarolo,French
pesenti_rossi,,Alessandro,Pesenti-Rossi,Italian
peters,,Josef,Peters,German
peterson,,Ronnie,Peterson,Swedish
petrov,PET,Vitaly,Petrov,Russian
piastri,PIA,Oscar,Piastri,Australian
pic,PIC,Charles,Pic,French
picard,,François,Picard,French
pieterse,,Ernie,Pieterse,South African
pietsch,,Paul,Pietsch,German
andre_pilette,,André,Pilette,Belgian
pilette,,Teddy,Pilette,Belgian
piotti,,Luigi,Piotti,Italian
piper,,David,Piper,British
piquet,,Nelson,Piquet,Brazilian
piquet_jr,PIQ,Nelson,Piquet Jr.,Brazilian
pirocchi,,Renato,Pirocchi,Italian
pironi,,Didier,Pironi,French
pirro,,Emanuele,Pirro,Italian
pizzonia,PIZ,Antônio,Pizzonia,Brazilian
pian,,Alfredo,Pián,Argentine
pollet,,Jacques,Pollet,French
pon,,Ben,Pon,Dutch
poore,,Dennis,Poore,British
posey,,Sam,Posey,American
pozzi,,Charles,Pozzi,French
pretorius,,Jackie,Pretorius,South African
prinoth,,Ernesto,Prinoth,Italian
prophet,,David,Prophet,British
prost,,Alain,Prost,French
pryce,,Tom,Pryce,British
purley,,David,Purley,British
puzey,,Clive,Puzey,Rhodesian
perez,PER,Sergio,Pérez,Mexican
sala,,Luis,Pérez-Sala,Spanish
quester,,Dieter,Quester,Austrian
raby,,Ian,Raby,British
rahal,,Bobby,Rahal,American
raphanel,,Pierre-Henri,Raphanel,French
rathmann,,Jim,Rathmann,American
dick_rathmann,,Dick,Rathmann,American
ratzenberger,,Roland,Ratzenberger,Austrian
rebaque,,Hector,Rebaque,Mexican
redman,,Brian,Redman,British
reece,,Jimmy,Reece,American
reed,,Ray,Reed,South African
rees,,Alan,Rees,British
regazzoni,,Clay,Regazzoni,Swiss
reutemann,,Carlos,Reutemann,Argentine
reventlow,,Lance,Reventlow,American
revson,,Peter,Revson,American
rhodes,,John,Rhodes,British
ribeiro,,Alex,Ribeiro,Brazilian
ricciardo,RIC,Daniel,Ricciardo,Australian
richardson,,Ken,Richardson,British
riess,,Fritz,Riess,German
rigsby,,Jim,Rigsby,American
rindt,,Jochen,Rindt,Austrian
riseley_prichard,,John,Riseley-Prichard,British
robarts,,Richard,Robarts,British
ricardo_rodriguez,,Ricardo,Rodríguez,Mexican
rodriguez,,Pedro,Rodríguez,Mexican
rol,,Franco,Rol,Italian
rollinson,,Alan,Rollinson,British
rolt,,Tony,Rolt,British
roos,,Bertil,Roos,Swedish
keke_rosberg,,Keke,Rosberg,Finnish
rosberg,ROS,Nico,Rosberg,German
rose,,Mauri,Rose,American
rosier,,Louis,Rosier,French
rosset,,Ricardo,Rosset,Brazilian
rossi,RSS,Alexander,Rossi,American
rothengatter,,Huub,Rothengatter,Dutch
ruby,,Lloyd,Ruby,American
russell,RUS,George,Russell,British
paul_russo,,Paul,Russo,American
russo,,Eddie,Russo,American
geki,,Giacomo,Russo,Italian
ruttman,,Troy,Ruttman,American
ryan,,Peter,Ryan,Canadian
raikkonen,RAI,Kimi,Räikkönen,Finnish
sachs,,Eddie,Sachs,American
said,,Bob,Said,American
sainz,SAI,Carlos,Sainz,Spanish
salazar,,Eliseo,Salazar,Chilean
salo,,Mika,Salo,Finnish
salvadori,,Roy,Salvadori,British
sanesi,,Consalvo,Sanesi,Italian
sargeant,SAR,Logan,Sargeant,American
sarrazin,,Stéphane,Sarrazin,French
sato,SAT,Takuma,Sato,Japanese
scarborough,,Carl,Scarborough,American
scarfiotti,,Ludovico,Scarfiotti,Italian
scarlatti,,Giorgio,Scarlatti,Italian
scheckter,,Jody,Scheckter,South African
ian_scheckter,,Ian,Scheckter,South African
schell,,Harry,Schell,American
schenken,,Tim,Schenken,Australian
scherrer,,Albert,Scherrer,Swiss
schiattarella,,Domenico,Schiattarella,Italian
schiller,,Heinz,Schiller,Swiss
schindler,,Bill,Schindler,American
jo_schlesser,,Jo,Schlesser,French
schlesser,,Jean-Louis,Schlesser,French
schneider,,Bernd,Schneider,German
schoeller,,Rudolf,Schoeller,Swiss
schroeder,,Rob,Schroeder,British
michael_schumacher,MSC,Michael,Schumacher,German
ralf_schumacher,SCH,Ralf,Schumacher,German
mick_schumacher,MSC,Mick,Schumacher,German
schuppan,,Vern,Schuppan,Australian
bob_scott,,Bob,Scott,American
scott_Brown,,Archie,Scott Brown,British
scotti,,Piero,Scotti,Italian
seidel,,Wolfgang,Seidel,German
seiffert,,Günther,Seiffert,German
senna,,Ayrton,Senna,Brazilian
bruno_senna,SEN,Bruno,Senna,Brazilian
serafini,,Dorino,Serafini,Italian
serra,,Chico,Serra,Brazilian
serrurier,,Doug,Serrurier,South African
gavin,,Johnny,Servoz-Gavin,French
settember,,Tony,Settember,American
sharp,,Hap,Sharp,American
shawe_taylor,,Brian,Shawe Taylor,British
shelby,,Carroll,Shelby,American
shelly,,Tony,Shelly,New Zealander
cian_shields,,Cian,Shields,
siffert,,Jo,Siffert,Swiss
simon,,André,Simon,French
sirotkin,SIR,Sergey,Sirotkin,Russian
slotemaker,,Rob,Slotemaker,Dutch
solana,,Moisés,Solana,Mexican
roig,,Alex,Soler-Roig,Spanish
sommer,,Raymond,Sommer,French
sospiri,,Vincenzo,Sospiri,Italian
south,,Stephen,South,British
sparken,,Mike,Sparken,French
speed,SPE,Scott,Speed,American
spence,,Mike,Spence,British
stacey,,Alan,Stacey,British
starrabba,,Gaetano,Starrabba,Italian
stevens,STE,Will,Stevens,British
stevenson,,Chuck,Stevenson,American
jimmy_stewart,,Jimmy,Stewart,British
ian_stewart,,Ian,Stewart,British
stewart,,Jackie,Stewart,British
stohr,,Siegfried,Stohr,Italian
stommelen,,Rolf,Stommelen,German
streiff,,Philippe,Streiff,French
stroll,STR,Lance,Stroll,Canadian
stuck,,Hans-Joachim,Stuck,German
stuppacher,,Otto,Stuppacher,Austrian
sullivan,,Danny,Sullivan,American
surer,,Marc,Surer,Swiss
surtees,,John,Surtees,British
sutcliffe,,Andy,Sutcliffe,British
sutil,SUT,Adrian,Sutil,German
sutton,,Len,Sutton,American
suzuki,,Aguri,Suzuki,Japanese
toshio_suzuki,,Toshio,Suzuki,Japanese
swaters,,Jacques,Swaters,American
sweikert,,Bob,Sweikert,American
takagi,,Toranosuke,Takagi,Japanese
takahara,,Noritake,Takahara,Japanese
takahashi,,Kunimitsu,Takahashi,Japanese
tambay,,Patrick,Tambay,French
taramazzo,,Luigi,Taramazzo,Italian
tarquini,,Gabriele,Tarquini,Italian
taruffi,,Piero,Taruffi,Italian
henry_taylor,,Henry,Taylor,British
mike_taylor,,Mike,Taylor,British
dennis_taylor,,Dennis,Taylor,British
trevor_taylor,,Trevor,Taylor,British
taylor,,John,Taylor,British
teague,,Marshall,Teague,American
templeman,,Shorty,Templeman,American
testut,,André,Testut,Monegasque
thackwell,,Mike,Thackwell,New Zealander
thiele,,Alfonso,Thiele,Italian
thompson,,Eric,Thompson,British
thomson,,Johnny,Thomson,American
thorne,,Leslie,Thorne,British
tingelstad,,Bud,Tingelstad,American
tingle,,Sam,Tingle,Rhodesian
titterington,,Desmond,Titterington,British
tolan,,Johnnie,Tolan,American
trimmer,,Tony,Trimmer,British
trintignant,,Maurice,Trintignant,French
trulli,TRU,Jarno,Trulli,Italian
tsunoda,TSU,Yuki,Tsunoda,Japanese
tuero,,Esteban,Tuero,Argentine
tunmer,,Guy,Tunmer,South African
turner,,Jack,Turner,American
ulmen,,Toni,Ulmen,German
jerry_unser,,Jerry,Unser,American
unser,,Bobby,Unser,American
uria,,Alberto,Uria,Uruguayan
vaccarella,,Nino,Vaccarella,Italian
vandoorne,VAN,Stoffel,Vandoorne,Belgian
veith,,Bob,Veith,American
vergne,VER,Jean-Éric,Vergne,French
verstappen,,Jos,Verstappen,Dutch
max_verstappen,VER,Max,Verstappen,Dutch
frederik_vesti,,Frederik,Vesti,
vettel,VET,Sebastian,Vettel,German
gilles_villeneuve,,Gilles,Villeneuve,Canadian
villeneuve,VIL,Jacques,Villeneuve,Canadian
villeneuve_sr,,Jacques,Villeneuve Sr.,Canadian
villoresi,,Luigi,Villoresi,Italian
volonterio,,Ottorino,Volonterio,Swiss
vonlanthen,,Jo,Vonlanthen,Swiss
vukovich,,Bill,Vukovich,American
wacker,,Fred,Wacker,American
peter_walker,,Peter,Walker,British
walker,,David,Walker,Australian
wallard,,Lee,Wallard,American
walter,,Heini,Walter,Swiss
ward,,Rodger,Ward,American
warwick,,Derek,Warwick,British
watson,,John,Watson,British
webb,,Travis,Webb,American
webber,WEB,Mark,Webber,Australian
wehrlein,WEH,Pascal,Wehrlein,German
weidler,,Volker,Weidler,German
weiler,,Wayne,Weiler,American
wendlinger,,Karl,Wendlinger,Austrian
westbury,,Peter,Westbury,British
weyant,,Chuck,Weyant,American
wharton,,Ken,Wharton,British
whiteaway,,Ted,Whiteaway,British
whitehead,,Peter,Whitehead,British
graham_whitehead,,Graham,Whitehead,British
whitehouse,,Bill,Whitehouse,British
widdows,,Robin,Widdows,British
wietzes,,Eppie,Wietzes,Canadian
wilds,,Mike,Wilds,British
williams,,Jonathan,Williams,British
williamson,,Roger,Williamson,British
dempsey_wilson,,Dempsey,Wilson,American
vic_wilson,,Vic,Wilson,British
desire_wilson,,Desiré,Wilson,South African
wilson,,Justin,Wilson,British
manfred_winkelhock,,Manfred,Winkelhock,German
joachim_winkelhock,,Joachim,Winkelhock,German
markus_winkelhock,WIN,Markus,Winkelhock,German
wisell,,Reine,Wisell,Swedish
wunderink,,Roelof,Wunderink,Dutch
wurz,WUR,Alexander,Wurz,Austrian
yamamoto,YAM,Sakon,Yamamoto,Japanese
yoong,,Alex,Yoong,Malaysian
zanardi,,Alessandro,Zanardi,Italian
zapico,,Emilio,Zapico,Spanish
zhou,ZHO,Guanyu,Zhou,Chinese
zonta,ZON,Ricardo,Zonta,Brazilian
zorzi,,Renzo,Zorzi,Italian
zunino,,Ricardo,Zunino,Argentine
ambrosio,DAM,Jérôme,d'Ambrosio,Belgian
orey,,Fritz,d'Orey,Brazilian
matta,,Cristiano,da Matta,Brazilian
ramos,,Hernando,da Silva Ramos,Brazilian
adamich,,Andrea,de Adamich,Italian
angelis,,Elio,de Angelis,Italian
beaufort,,Carel Godin,de Beaufort,Dutch
cesaris,,Andrea,de Cesaris,Italian
Changy,,Alain,de Changy,Belgian
dryver,,Bernard,de Dryver,Belgian
filippis,,Maria,de Filippis,Italian
graffenried,,Toulo,de Graffenried,Swiss
klerk,,Peter,de Klerk,South African
portago,,Alfonso,de Portago,Spanish
riu,,Giovanni,de Riu,Italian
terra,,Max,de Terra,Swiss
tomaso,,Alessandro,de Tomaso,Argentine
tornaco,,Charles,de Tornaco,Belgian
villota,,Emilio,de Villota,Spanish
vos,,Ernie,de Vos,Dutch
de_vries,DEV,Nyck,de Vries,Dutch
rosa,DLR,Pedro,de la Rosa,Spanish
grassi,DIG,Lucas,di Grassi,Brazilian
resta,DIR,Paul,di Resta,British
lennep,,Gijs,van Lennep,Dutch
rooyen,,Basil,van Rooyen,South African
poele,,Eric,van de Poele,Belgian
garde,VDG,Giedo,van der Garde,Dutch
lof,,Dries,van der Lof,Dutch
vyver,,Syd,van der Vyver,South African
opel,,Rikky,von Opel,Liechtensteiner
hans_stuck,,Hans,von Stuck,German
trips,,Wolfgang,von Trips,German
etancelin,,Philippe,Étancelin,French
